build,install,total
2.0208187979878858,1.0209196759969927,3.0433115769992582
